<?xml version="1.0" encoding="UTF-8"?>
<GenRun Id="impl_1" LaunchTime="1719483145">
  <File Type="ROUTE-PWR" Name="fulladderFA_power_routed.rpt"/>
  <File Type="PA-TCL" Name="fulladderFA.tcl"/>
  <File Type="ROUTE-PWR-SUM" Name="fulladderFA_power_summary_routed.pb"/>
  <File Type="REPORTS-TCL" Name="fulladderFA_reports.tcl"/>
  <File Type="BITSTR-MSK" Name="fulladderFA.msk"/>
  <File Type="ROUTE-CLK" Name="fulladderFA_clock_utilization_routed.rpt"/>
  <File Type="RDI-RDI" Name="fulladderFA.vdi"/>
  <File Type="POSTROUTE-PHYSOPT-BUS-SKEW-PB" Name="fulladderFA_bus_skew_postroute_physopted.pb"/>
  <File Type="BG-BIT" Name="fulladderFA.bit"/>
  <File Type="BG-DRC" Name="fulladderFA.drc"/>
  <File Type="BG-BGN" Name="fulladderFA.bgn"/>
  <File Type="BG-BIN" Name="fulladderFA.bin"/>
  <File Type="BITSTR-RBT" Name="fulladderFA.rbt"/>
  <File Type="BITSTR-NKY" Name="fulladderFA.nky"/>
  <File Type="BITSTR-BMM" Name="fulladderFA_bd.bmm"/>
  <File Type="BITSTR-MMI" Name="fulladderFA.mmi"/>
  <File Type="ROUTE-METHODOLOGY-DRC" Name="fulladderFA_methodology_drc_routed.rpt"/>
  <File Type="BITSTR-SYSDEF" Name="fulladderFA.sysdef"/>
  <File Type="ROUTE-METHODOLOGY-DRC-PB" Name="fulladderFA_methodology_drc_routed.pb"/>
  <File Type="BITSTR-LTX" Name="debug_nets.ltx"/>
  <File Type="BITSTR-LTX" Name="fulladderFA.ltx"/>
  <File Type="BOOT-PDI-FILE" Name="fulladderFA_boot.pdi"/>
  <File Type="WBT-USG" Name="usage_statistics_webtalk.html"/>
  <File Type="NPI_FILE" Name="fulladderFA.npi"/>
  <File Type="OPT-DRC" Name="fulladderFA_drc_opted.rpt"/>
  <File Type="RBD_FILE" Name="fulladderFA.rbd"/>
  <File Type="OPT-HWDEF" Name="fulladderFA.hwdef"/>
  <File Type="PLACE-IO" Name="fulladderFA_io_placed.rpt"/>
  <File Type="PLACE-UTIL" Name="fulladderFA_utilization_placed.rpt"/>
  <File Type="PLACE-UTIL-PB" Name="fulladderFA_utilization_placed.pb"/>
  <File Type="PLACE-CTRL" Name="fulladderFA_control_sets_placed.rpt"/>
  <File Type="PLACE-PRE-SIMILARITY" Name="fulladderFA_incremental_reuse_pre_placed.rpt"/>
  <File Type="ROUTE-DRC" Name="fulladderFA_drc_routed.rpt"/>
  <File Type="ROUTE-DRC-PB" Name="fulladderFA_drc_routed.pb"/>
  <File Type="ROUTE-PWR-RPX" Name="fulladderFA_power_routed.rpx"/>
  <File Type="ROUTE-STATUS" Name="fulladderFA_route_status.rpt"/>
  <File Type="ROUTE-STATUS-PB" Name="fulladderFA_route_status.pb"/>
  <File Type="ROUTE-DCP" Name="fulladderFA_routed.dcp"/>
  <File Type="ROUTE-ERROR-DCP" Name="fulladderFA_routed_error.dcp"/>
  <File Type="ROUTE-BLACKBOX-DCP" Name="fulladderFA_routed_bb.dcp"/>
  <File Type="ROUTE-TIMINGSUMMARY" Name="fulladderFA_timing_summary_routed.rpt"/>
  <File Type="ROUTE-TIMING-PB" Name="fulladderFA_timing_summary_routed.pb"/>
  <File Type="ROUTE-TIMING-RPX" Name="fulladderFA_timing_summary_routed.rpx"/>
  <File Type="ROUTE-SIMILARITY" Name="fulladderFA_incremental_reuse_routed.rpt"/>
  <File Type="ROUTE-BUS-SKEW" Name="fulladderFA_bus_skew_routed.rpt"/>
  <File Type="ROUTE-BUS-SKEW-PB" Name="fulladderFA_bus_skew_routed.pb"/>
  <File Type="ROUTE-BUS-SKEW-RPX" Name="fulladderFA_bus_skew_routed.rpx"/>
  <File Type="OPT-DCP" Name="fulladderFA_opt.dcp"/>
  <File Type="PLACE-DCP" Name="fulladderFA_placed.dcp"/>
  <File Type="PWROPT-DCP" Name="fulladderFA_pwropt.dcp"/>
  <File Type="POSTPLACE-PWROPT-DCP" Name="fulladderFA_postplace_pwropt.dcp"/>
  <File Type="PHYSOPT-DCP" Name="fulladderFA_physopt.dcp"/>
  <File Type="POSTROUTE-PHYSOPT-DCP" Name="fulladderFA_postroute_physopt.dcp"/>
  <File Type="POSTROUTE-PHYSOPT-BLACKBOX-DCP" Name="fulladderFA_postroute_physopt_bb.dcp"/>
  <File Type="POSTROUTE-PHYSOPT-TIMING" Name="fulladderFA_timing_summary_postroute_physopted.rpt"/>
  <File Type="POSTROUTE-PHYSOPT-TIMING-PB" Name="fulladderFA_timing_summary_postroute_physopted.pb"/>
  <File Type="POSTROUTE-PHYSOPT-TIMING-RPX" Name="fulladderFA_timing_summary_postroute_physopted.rpx"/>
  <File Type="POSTROUTE-PHYSOPT-BUS-SKEW" Name="fulladderFA_bus_skew_postroute_physopted.rpt"/>
  <File Type="POSTROUTE-PHYSOPT-BUS-SKEW-RPX" Name="fulladderFA_bus_skew_postroute_physopted.rpx"/>
  <File Type="ROUTE-DRC-RPX" Name="fulladderFA_drc_routed.rpx"/>
  <File Type="ROUTE-METHODOLOGY-DRC-RPX" Name="fulladderFA_methodology_drc_routed.rpx"/>
  <File Type="PDI-FILE" Name="fulladderFA.pdi"/>
  <File Type="PL-PDI-FILE" Name="fulladderFA_pld.pdi"/>
  <File Type="RCFI_FILE" Name="fulladderFA.rcfi"/>
  <File Type="CFI_FILE" Name="fulladderFA.cfi"/>
  <File Type="RNPI_FILE" Name="fulladderFA.rnpi"/>
  <File Type="ROUTE-RQS" Name="fulladderFA_routed.rqs"/>
  <File Type="POSTROUTE-PHYSOPT-RQS" Name="fulladderFA_postroute_physopted.rqs"/>
  <File Type="ROUTE-RQS-RPT" Name="route_report_qor_suggestions_0.rpt"/>
  <File Type="POSTROUTE-PHYSOPT-RQS-RPT" Name="postroute_physopt_report_qor_suggestions_0.rpt"/>
  <FileSet Name="sources" Type="DesignSrcs" RelSrcDir="$PSRCDIR/sources_1" RelGenDir="$PGENDIR/sources_1">
    <Filter Type="Srcs"/>
    <File Path="$PSRCDIR/sources_1/new/fulladder.v">
      <FileInfo>
        <Attr Name="UsedIn" Val="synthesis"/>
        <Attr Name="UsedIn" Val="implementation"/>
        <Attr Name="UsedIn" Val="simulation"/>
      </FileInfo>
    </File>
    <Config>
      <Option Name="DesignMode" Val="RTL"/>
      <Option Name="TopModule" Val="fulladderFA"/>
      <Option Name="TopAutoSet" Val="TRUE"/>
    </Config>
  </FileSet>
  <FileSet Name="constrs_in" Type="Constrs" RelSrcDir="$PSRCDIR/constrs_1" RelGenDir="$PGENDIR/constrs_1">
    <Filter Type="Constrs"/>
    <File Path="$PSRCDIR/constrs_1/new/FA.xdc">
      <FileInfo>
        <Attr Name="UsedIn" Val="synthesis"/>
        <Attr Name="UsedIn" Val="implementation"/>
      </FileInfo>
    </File>
    <Config>
      <Option Name="ConstrsType" Val="XDC"/>
    </Config>
  </FileSet>
  <FileSet Name="utils" Type="Utils" RelSrcDir="$PSRCDIR/utils_1" RelGenDir="$PGENDIR/utils_1">
    <Filter Type="Utils"/>
    <Config>
      <Option Name="TopAutoSet" Val="TRUE"/>
    </Config>
  </FileSet>
  <Strategy Version="1" Minor="2">
    <StratHandle Name="Vivado Implementation Defaults" Flow="Vivado Implementation 2024"/>
    <Step Id="init_design"/>
    <Step Id="opt_design"/>
    <Step Id="power_opt_design"/>
    <Step Id="place_design"/>
    <Step Id="post_place_power_opt_design"/>
    <Step Id="phys_opt_design"/>
    <Step Id="route_design"/>
    <Step Id="post_route_phys_opt_design"/>
    <Step Id="write_bitstream"/>
    <Step Id="write_device_image"/>
  </Strategy>
</GenRun>
