<?xml version="1.0" encoding="UTF-8"?>
<GenRun Id="impl_1" LaunchTime="1719473519">
  <File Type="ROUTE-PWR" Name="latch_power_routed.rpt"/>
  <File Type="PA-TCL" Name="latch.tcl"/>
  <File Type="ROUTE-PWR-SUM" Name="latch_power_summary_routed.pb"/>
  <File Type="REPORTS-TCL" Name="latch_reports.tcl"/>
  <File Type="BITSTR-MSK" Name="latch.msk"/>
  <File Type="ROUTE-CLK" Name="latch_clock_utilization_routed.rpt"/>
  <File Type="RDI-RDI" Name="latch.vdi"/>
  <File Type="POSTROUTE-PHYSOPT-BUS-SKEW-PB" Name="latch_bus_skew_postroute_physopted.pb"/>
  <File Type="BG-BIT" Name="latch.bit"/>
  <File Type="BG-DRC" Name="latch.drc"/>
  <File Type="BG-BGN" Name="latch.bgn"/>
  <File Type="BG-BIN" Name="latch.bin"/>
  <File Type="BITSTR-RBT" Name="latch.rbt"/>
  <File Type="BITSTR-NKY" Name="latch.nky"/>
  <File Type="BITSTR-BMM" Name="latch_bd.bmm"/>
  <File Type="BITSTR-MMI" Name="latch.mmi"/>
  <File Type="ROUTE-METHODOLOGY-DRC" Name="latch_methodology_drc_routed.rpt"/>
  <File Type="BITSTR-SYSDEF" Name="latch.sysdef"/>
  <File Type="ROUTE-METHODOLOGY-DRC-PB" Name="latch_methodology_drc_routed.pb"/>
  <File Type="BITSTR-LTX" Name="debug_nets.ltx"/>
  <File Type="BITSTR-LTX" Name="latch.ltx"/>
  <File Type="BOOT-PDI-FILE" Name="latch_boot.pdi"/>
  <File Type="WBT-USG" Name="usage_statistics_webtalk.html"/>
  <File Type="NPI_FILE" Name="latch.npi"/>
  <File Type="OPT-DRC" Name="latch_drc_opted.rpt"/>
  <File Type="RBD_FILE" Name="latch.rbd"/>
  <File Type="OPT-HWDEF" Name="latch.hwdef"/>
  <File Type="PLACE-IO" Name="latch_io_placed.rpt"/>
  <File Type="PLACE-UTIL" Name="latch_utilization_placed.rpt"/>
  <File Type="PLACE-UTIL-PB" Name="latch_utilization_placed.pb"/>
  <File Type="PLACE-CTRL" Name="latch_control_sets_placed.rpt"/>
  <File Type="PLACE-PRE-SIMILARITY" Name="latch_incremental_reuse_pre_placed.rpt"/>
  <File Type="ROUTE-DRC" Name="latch_drc_routed.rpt"/>
  <File Type="ROUTE-DRC-PB" Name="latch_drc_routed.pb"/>
  <File Type="ROUTE-PWR-RPX" Name="latch_power_routed.rpx"/>
  <File Type="ROUTE-STATUS" Name="latch_route_status.rpt"/>
  <File Type="ROUTE-STATUS-PB" Name="latch_route_status.pb"/>
  <File Type="ROUTE-DCP" Name="latch_routed.dcp"/>
  <File Type="ROUTE-ERROR-DCP" Name="latch_routed_error.dcp"/>
  <File Type="ROUTE-BLACKBOX-DCP" Name="latch_routed_bb.dcp"/>
  <File Type="ROUTE-TIMINGSUMMARY" Name="latch_timing_summary_routed.rpt"/>
  <File Type="ROUTE-TIMING-PB" Name="latch_timing_summary_routed.pb"/>
  <File Type="ROUTE-TIMING-RPX" Name="latch_timing_summary_routed.rpx"/>
  <File Type="ROUTE-SIMILARITY" Name="latch_incremental_reuse_routed.rpt"/>
  <File Type="ROUTE-BUS-SKEW" Name="latch_bus_skew_routed.rpt"/>
  <File Type="ROUTE-BUS-SKEW-PB" Name="latch_bus_skew_routed.pb"/>
  <File Type="ROUTE-BUS-SKEW-RPX" Name="latch_bus_skew_routed.rpx"/>
  <File Type="OPT-DCP" Name="latch_opt.dcp"/>
  <File Type="PLACE-DCP" Name="latch_placed.dcp"/>
  <File Type="PWROPT-DCP" Name="latch_pwropt.dcp"/>
  <File Type="POSTPLACE-PWROPT-DCP" Name="latch_postplace_pwropt.dcp"/>
  <File Type="PHYSOPT-DCP" Name="latch_physopt.dcp"/>
  <File Type="POSTROUTE-PHYSOPT-DCP" Name="latch_postroute_physopt.dcp"/>
  <File Type="POSTROUTE-PHYSOPT-BLACKBOX-DCP" Name="latch_postroute_physopt_bb.dcp"/>
  <File Type="POSTROUTE-PHYSOPT-TIMING" Name="latch_timing_summary_postroute_physopted.rpt"/>
  <File Type="POSTROUTE-PHYSOPT-TIMING-PB" Name="latch_timing_summary_postroute_physopted.pb"/>
  <File Type="POSTROUTE-PHYSOPT-TIMING-RPX" Name="latch_timing_summary_postroute_physopted.rpx"/>
  <File Type="POSTROUTE-PHYSOPT-BUS-SKEW" Name="latch_bus_skew_postroute_physopted.rpt"/>
  <File Type="POSTROUTE-PHYSOPT-BUS-SKEW-RPX" Name="latch_bus_skew_postroute_physopted.rpx"/>
  <File Type="ROUTE-DRC-RPX" Name="latch_drc_routed.rpx"/>
  <File Type="ROUTE-METHODOLOGY-DRC-RPX" Name="latch_methodology_drc_routed.rpx"/>
  <File Type="PDI-FILE" Name="latch.pdi"/>
  <File Type="PL-PDI-FILE" Name="latch_pld.pdi"/>
  <File Type="RCFI_FILE" Name="latch.rcfi"/>
  <File Type="CFI_FILE" Name="latch.cfi"/>
  <File Type="RNPI_FILE" Name="latch.rnpi"/>
  <File Type="ROUTE-RQS" Name="latch_routed.rqs"/>
  <File Type="POSTROUTE-PHYSOPT-RQS" Name="latch_postroute_physopted.rqs"/>
  <File Type="ROUTE-RQS-RPT" Name="route_report_qor_suggestions_0.rpt"/>
  <File Type="POSTROUTE-PHYSOPT-RQS-RPT" Name="postroute_physopt_report_qor_suggestions_0.rpt"/>
  <FileSet Name="sources" Type="DesignSrcs" RelSrcDir="$PSRCDIR/sources_1" RelGenDir="$PGENDIR/sources_1">
    <Filter Type="Srcs"/>
    <File Path="$PSRCDIR/sources_1/new/latch.v">
      <FileInfo>
        <Attr Name="UsedIn" Val="synthesis"/>
        <Attr Name="UsedIn" Val="implementation"/>
        <Attr Name="UsedIn" Val="simulation"/>
      </FileInfo>
    </File>
    <Config>
      <Option Name="DesignMode" Val="RTL"/>
      <Option Name="TopModule" Val="latch"/>
      <Option Name="TopAutoSet" Val="TRUE"/>
    </Config>
  </FileSet>
  <FileSet Name="constrs_in" Type="Constrs" RelSrcDir="$PSRCDIR/constrs_1" RelGenDir="$PGENDIR/constrs_1">
    <Filter Type="Constrs"/>
    <File Path="$PSRCDIR/constrs_1/new/test3.xdc">
      <FileInfo>
        <Attr Name="UsedIn" Val="synthesis"/>
        <Attr Name="UsedIn" Val="implementation"/>
      </FileInfo>
    </File>
    <Config>
      <Option Name="ConstrsType" Val="XDC"/>
    </Config>
  </FileSet>
  <FileSet Name="utils" Type="Utils" RelSrcDir="$PSRCDIR/utils_1" RelGenDir="$PGENDIR/utils_1">
    <Filter Type="Utils"/>
    <File Path="$PSRCDIR/utils_1/imports/synth_1/latch.dcp">
      <FileInfo>
        <Attr Name="UsedIn" Val="synthesis"/>
        <Attr Name="UsedIn" Val="implementation"/>
        <Attr Name="UsedInSteps" Val="synth_1"/>
        <Attr Name="AutoDcp" Val="1"/>
      </FileInfo>
    </File>
    <Config>
      <Option Name="TopAutoSet" Val="TRUE"/>
    </Config>
  </FileSet>
  <Strategy Version="1" Minor="2">
    <StratHandle Name="Vivado Implementation Defaults" Flow="Vivado Implementation 2024"/>
    <Step Id="init_design"/>
    <Step Id="opt_design"/>
    <Step Id="power_opt_design"/>
    <Step Id="place_design"/>
    <Step Id="post_place_power_opt_design"/>
    <Step Id="phys_opt_design"/>
    <Step Id="route_design"/>
    <Step Id="post_route_phys_opt_design"/>
    <Step Id="write_bitstream"/>
    <Step Id="write_device_image"/>
  </Strategy>
</GenRun>
